<?xml version="1.0" encoding="UTF-8" standalone="no"?>
<raConfiguration version="7">
  <generalSettings>
    <option key="#Board#" value="board.custom"/>
    <option key="CPU" value="RA6M3"/>
    <option key="#TargetName#" value="R7FA6M3AH3CFC"/>
    <option key="#TargetARCHITECTURE#" value="cortex-m4"/>
    <option key="#DeviceCommand#" value="R7FA6M3AH"/>
    <option key="#RTOS#" value="_none"/>
    <option key="#pinconfiguration#" value="R7FA6M3AH3CFC.pincfg"/>
    <option key="#FSPVersion#" value="3.5.0"/>
    <option key="#SELECTED_TOOLCHAIN#" value="gcc-arm-embedded"/>
    <option key="#ToolchainVersion#" value="10.3.1.20210824"/>
  </generalSettings>
  <raBspConfiguration>
    <config id="config.bsp.ra6m3.R7FA6M3AH3CFC">
      <property id="config.bsp.part_number" value="config.bsp.part_number.value"/>
      <property id="config.bsp.rom_size_bytes" value="config.bsp.rom_size_bytes.value"/>
      <property id="config.bsp.rom_size_bytes_hidden" value="2097152"/>
      <property id="config.bsp.ram_size_bytes" value="config.bsp.ram_size_bytes.value"/>
      <property id="config.bsp.data_flash_size_bytes" value="config.bsp.data_flash_size_bytes.value"/>
      <property id="config.bsp.package_style" value="config.bsp.package_style.value"/>
      <property id="config.bsp.package_pins" value="config.bsp.package_pins.value"/>
    </config>
    <config id="config.bsp.ra6m3">
      <property id="config.bsp.series" value="config.bsp.series.value"/>
    </config>
    <config id="config.bsp.ra6m3.fsp">
      <property id="config.bsp.fsp.OFS0.iwdt_start_mode" value="config.bsp.fsp.OFS0.iwdt_start_mode.disabled"/>
      <property id="config.bsp.fsp.OFS0.iwdt_timeout" value="config.bsp.fsp.OFS0.iwdt_timeout.2048"/>
      <property id="config.bsp.fsp.OFS0.iwdt_divisor" value="config.bsp.fsp.OFS0.iwdt_divisor.128"/>
      <property id="config.bsp.fsp.OFS0.iwdt_window_end" value="config.bsp.fsp.OFS0.iwdt_window_end.0"/>
      <property id="config.bsp.fsp.OFS0.iwdt_window_start" value="config.bsp.fsp.OFS0.iwdt_window_start.100"/>
      <property id="config.bsp.fsp.OFS0.iwdt_reset_interrupt" value="config.bsp.fsp.OFS0.iwdt_reset_interrupt.Reset"/>
      <property id="config.bsp.fsp.OFS0.iwdt_stop_control" value="config.bsp.fsp.OFS0.iwdt_stop_control.stops"/>
      <property id="config.bsp.fsp.OFS0.wdt_start_mode" value="config.bsp.fsp.OFS0.wdt_start_mode.register"/>
      <property id="config.bsp.fsp.OFS0.wdt_timeout" value="config.bsp.fsp.OFS0.wdt_timeout.16384"/>
      <property id="config.bsp.fsp.OFS0.wdt_divisor" value="config.bsp.fsp.OFS0.wdt_divisor.128"/>
      <property id="config.bsp.fsp.OFS0.wdt_window_end" value="config.bsp.fsp.OFS0.wdt_window_end.0"/>
      <property id="config.bsp.fsp.OFS0.wdt_window_start" value="config.bsp.fsp.OFS0.wdt_window_start.100"/>
      <property id="config.bsp.fsp.OFS0.wdt_reset_interrupt" value="config.bsp.fsp.OFS0.wdt_reset_interrupt.Reset"/>
      <property id="config.bsp.fsp.OFS0.wdt_stop_control" value="config.bsp.fsp.OFS0.wdt_stop_control.stops"/>
      <property id="config.bsp.fsp.OFS1.voltage_detection0.start" value="config.bsp.fsp.OFS1.voltage_detection0.start.disabled"/>
      <property id="config.bsp.fsp.OFS1.voltage_detection0_level" value="config.bsp.fsp.OFS1.voltage_detection0_level.280"/>
      <property id="config.bsp.fsp.OFS1.hoco_osc" value="config.bsp.fsp.OFS1.hoco_osc.disabled"/>
      <property id="config.bsp.fsp.mpu_pc0_enable" value="config.bsp.fsp.mpu_pc0_enable.disabled"/>
      <property id="config.bsp.fsp.mpu_pc0_start" value="0xFFFFFFFC"/>
      <property id="config.bsp.fsp.mpu_pc0_end" value="0xFFFFFFFF"/>
      <property id="config.bsp.fsp.mpu_pc1_enable" value="config.bsp.fsp.mpu_pc1_enable.disabled"/>
      <property id="config.bsp.fsp.mpu_pc1_start" value="0xFFFFFFFC"/>
      <property id="config.bsp.fsp.mpu_pc1_end" value="0xFFFFFFFF"/>
      <property id="config.bsp.fsp.mpu_reg0_enable" value="config.bsp.fsp.mpu_reg0_enable.disabled"/>
      <property id="config.bsp.fsp.mpu_reg0_start" value="0x00FFFFFC"/>
      <property id="config.bsp.fsp.mpu_reg0_end" value="0x00FFFFFF"/>
      <property id="config.bsp.fsp.mpu_reg1_enable" value="config.bsp.fsp.mpu_reg1_enable.disabled"/>
      <property id="config.bsp.fsp.mpu_reg1_start" value="0x200FFFFC"/>
      <property id="config.bsp.fsp.mpu_reg1_end" value="0x200FFFFF"/>
      <property id="config.bsp.fsp.mpu_reg2_enable" value="config.bsp.fsp.mpu_reg2_enable.disabled"/>
      <property id="config.bsp.fsp.mpu_reg2_start" value="0x407FFFFC"/>
      <property id="config.bsp.fsp.mpu_reg2_end" value="0x407FFFFF"/>
      <property id="config.bsp.fsp.mpu_reg3_enable" value="config.bsp.fsp.mpu_reg3_enable.disabled"/>
      <property id="config.bsp.fsp.mpu_reg3_start" value="0x400DFFFC"/>
      <property id="config.bsp.fsp.mpu_reg3_end" value="0x400DFFFF"/>
      <property id="config.bsp.fsp.hoco_fll" value="config.bsp.fsp.hoco_fll.disabled"/>
      <property id="config.bsp.common.main_osc_wait" value="config.bsp.common.main_osc_wait.wait_8163"/>
      <property id="config.bsp.fsp.mcu.adc.max_freq_hz" value="60000000"/>
      <property id="config.bsp.fsp.mcu.sci_uart.max_baud" value="20000000"/>
      <property id="config.bsp.fsp.mcu.adc.sample_and_hold" value="1"/>
      <property id="config.bsp.fsp.mcu.sci_spi.max_bitrate" value="30000000"/>
      <property id="config.bsp.fsp.mcu.spi.max_bitrate" value="30000000"/>
      <property id="config.bsp.fsp.mcu.iic_master.rate.rate_fastplus" value="1"/>
      <property id="config.bsp.fsp.mcu.sci_uart.cstpen_channels" value="0x0"/>
      <property id="config.bsp.fsp.mcu.gpt.pin_count_source_channels" value="0xFFFF"/>
      <property id="config.bsp.common.id_mode" value="config.bsp.common.id_mode.unlocked"/>
      <property id="config.bsp.common.id_code" value="FFFFFFFFFFFFFFFFFFFFFFFFFFFFFFFF"/>
      <property id="config.bsp.common.id1" value=""/>
      <property id="config.bsp.common.id2" value=""/>
      <property id="config.bsp.common.id3" value=""/>
      <property id="config.bsp.common.id4" value=""/>
      <property id="config.bsp.common.id_fixed" value=""/>
    </config>
    <config id="config.bsp.ra">
      <property id="config.bsp.common.main" value="0x400"/>
      <property id="config.bsp.common.heap" value="0"/>
      <property id="config.bsp.common.vcc" value="3300"/>
      <property id="config.bsp.common.checking" value="config.bsp.common.checking.disabled"/>
      <property id="config.bsp.common.assert" value="config.bsp.common.assert.none"/>
      <property id="config.bsp.common.error_log" value="config.bsp.common.error_log.none"/>
      <property id="config.bsp.common.soft_reset" value="config.bsp.common.soft_reset.disabled"/>
      <property id="config.bsp.common.main_osc_populated" value="config.bsp.common.main_osc_populated.enabled"/>
      <property id="config.bsp.common.pfs_protect" value="config.bsp.common.pfs_protect.enabled"/>
      <property id="config.bsp.common.c_runtime_init" value="config.bsp.common.c_runtime_init.enabled"/>
      <property id="config.bsp.common.early_init" value="config.bsp.common.early_init.disabled"/>
      <property id="config.bsp.common.main_osc_clock_source" value="config.bsp.common.main_osc_clock_source.crystal"/>
      <property id="config.bsp.common.subclock_populated" value="config.bsp.common.subclock_populated.enabled"/>
      <property id="config.bsp.common.subclock_drive" value="config.bsp.common.subclock_drive.standard"/>
      <property id="config.bsp.common.subclock_stabilization_ms" value="1000"/>
    </config>
  </raBspConfiguration>
  <raClockConfiguration>
    <node id="board.clock.xtal.freq" mul="24000000" option="_edit"/>
    <node id="board.clock.usbmclk.freq" option="board.clock.usbmclk.freq"/>
    <node id="board.clock.pll.source" option="board.clock.pll.source.xtal"/>
    <node id="board.clock.hoco.freq" option="board.clock.hoco.freq.20m"/>
    <node id="board.clock.loco.freq" option="board.clock.loco.freq.32768"/>
    <node id="board.clock.moco.freq" option="board.clock.moco.freq.8m"/>
    <node id="board.clock.subclk.freq" option="board.clock.subclk.freq.32768"/>
    <node id="board.clock.pll.div" option="board.clock.pll.div.2"/>
    <node id="board.clock.pll.mul" option="board.clock.pll.mul.200"/>
    <node id="board.clock.pll.display" option="board.clock.pll.display.value"/>
    <node id="board.clock.clock.source" option="board.clock.clock.source.pll"/>
    <node id="board.clock.iclk.div" option="board.clock.iclk.div.2"/>
    <node id="board.clock.iclk.display" option="board.clock.iclk.display.value"/>
    <node id="board.clock.pclka.div" option="board.clock.pclka.div.2"/>
    <node id="board.clock.pclka.display" option="board.clock.pclka.display.value"/>
    <node id="board.clock.pclkb.div" option="board.clock.pclkb.div.64"/>
    <node id="board.clock.pclkb.display" option="board.clock.pclkb.display.value"/>
    <node id="board.clock.pclkc.div" option="board.clock.pclkc.div.64"/>
    <node id="board.clock.pclkc.display" option="board.clock.pclkc.display.value"/>
    <node id="board.clock.pclkd.div" option="board.clock.pclkd.div.2"/>
    <node id="board.clock.pclkd.display" option="board.clock.pclkd.display.value"/>
    <node id="board.clock.sdclkout.div" option="board.clock.sdclkout.div.1"/>
    <node id="board.clock.sdclkout.display" option="board.clock.sdclkout.display.value"/>
    <node id="board.clock.bclk.div" option="board.clock.bclk.div.2"/>
    <node id="board.clock.bclk.display" option="board.clock.bclk.display.value"/>
    <node id="board.clock.bclkout.div" option="board.clock.bclkout.div.2"/>
    <node id="board.clock.bclkout.display" option="board.clock.bclkout.display.value"/>
    <node id="board.clock.uclk.div" option="board.clock.uclk.div.5"/>
    <node id="board.clock.uclk.display" option="board.clock.uclk.display.value"/>
    <node id="board.clock.fclk.div" option="board.clock.fclk.div.4"/>
    <node id="board.clock.fclk.display" option="board.clock.fclk.display.value"/>
    <node id="board.clock.clkout.source" option="board.clock.clkout.source.disabled"/>
    <node id="board.clock.clkout.div" option="board.clock.clkout.div.1"/>
    <node id="board.clock.clkout.display" option="board.clock.clkout.display.value"/>
  </raClockConfiguration>
  <raComponentSelection>
    <component apiversion="" class="Common" condition="" group="all" subgroup="fsp_common" variant="" vendor="Renesas" version="3.5.0">
      <description>Board Support Package Common Files</description>
      <originalPack>Renesas.RA.3.5.0.pack</originalPack>
    </component>
    <component apiversion="" class="HAL Drivers" condition="" group="all" subgroup="r_ioport" variant="" vendor="Renesas" version="3.5.0">
      <description>I/O Port</description>
      <originalPack>Renesas.RA.3.5.0.pack</originalPack>
    </component>
    <component apiversion="" class="CMSIS" condition="" group="CMSIS5" subgroup="CoreM" variant="" vendor="Arm" version="5.8.0+renesas.0.fsp.3.5.0">
      <description>Arm CMSIS Version 5 - Core (M)</description>
      <originalPack>Arm.CMSIS5.5.8.0+renesas.0.fsp.3.5.0.pack</originalPack>
    </component>
    <component apiversion="" class="BSP" condition="" group="ra6m3" subgroup="device" variant="R7FA6M3AH3CFC" vendor="Renesas" version="3.5.0">
      <description>Board support package for R7FA6M3AH3CFC</description>
      <originalPack>Renesas.RA_mcu_ra6m3.3.5.0.pack</originalPack>
    </component>
    <component apiversion="" class="BSP" condition="" group="ra6m3" subgroup="device" variant="" vendor="Renesas" version="3.5.0">
      <description>Board support package for RA6M3</description>
      <originalPack>Renesas.RA_mcu_ra6m3.3.5.0.pack</originalPack>
    </component>
    <component apiversion="" class="BSP" condition="" group="ra6m3" subgroup="fsp" variant="" vendor="Renesas" version="3.5.0">
      <description>Board support package for RA6M3 - FSP Data</description>
      <originalPack>Renesas.RA_mcu_ra6m3.3.5.0.pack</originalPack>
    </component>
    <component apiversion="" class="BSP" condition="" group="Board" subgroup="custom" variant="" vendor="Renesas" version="3.5.0">
      <description>Custom Board Support Files</description>
      <originalPack>Renesas.RA_board_custom.3.5.0.pack</originalPack>
    </component>
    <component apiversion="" class="HAL Drivers" condition="" group="all" subgroup="r_agt" variant="" vendor="Renesas" version="3.5.0">
      <description>Asynchronous General Purpose Timer</description>
      <originalPack>Renesas.RA.3.5.0.pack</originalPack>
    </component>
    <component apiversion="" class="HAL Drivers" condition="" group="all" subgroup="r_ether_phy" variant="" vendor="Renesas" version="3.5.0">
      <description>Ethernet PHY</description>
      <originalPack>Renesas.RA.3.5.0.pack</originalPack>
    </component>
    <component apiversion="" class="HAL Drivers" condition="" group="all" subgroup="r_ether" variant="" vendor="Renesas" version="3.5.0">
      <description>Ethernet</description>
      <originalPack>Renesas.RA.3.5.0.pack</originalPack>
    </component>
    <component apiversion="" class="HAL Drivers" condition="" group="all" subgroup="r_icu" variant="" vendor="Renesas" version="3.5.0">
      <description>External Interrupt</description>
      <originalPack>Renesas.RA.3.5.0.pack</originalPack>
    </component>
    <component apiversion="" class="HAL Drivers" condition="" group="all" subgroup="r_gpt" variant="" vendor="Renesas" version="3.5.0">
      <description>General PWM Timer</description>
      <originalPack>Renesas.RA.3.5.0.pack</originalPack>
    </component>
    <component apiversion="" class="HAL Drivers" condition="" group="all" subgroup="r_adc" variant="" vendor="Renesas" version="3.5.0">
      <description>A/D Converter</description>
      <originalPack>Renesas.RA.3.5.0.pack</originalPack>
    </component>
  </raComponentSelection>
  <raElcConfiguration/>
  <raIcuConfiguration/>
  <raModuleConfiguration>
    <module id="module.driver.ioport_on_ioport.0">
      <property id="module.driver.ioport.name" value="g_ioport"/>
      <property id="module.driver.ioport.elc_trigger_ioport1" value="_disabled"/>
      <property id="module.driver.ioport.elc_trigger_ioport2" value="_disabled"/>
      <property id="module.driver.ioport.elc_trigger_ioport3" value="_disabled"/>
      <property id="module.driver.ioport.elc_trigger_ioport4" value="_disabled"/>
      <property id="module.driver.ioport.elc_trigger_ioportb" value="_disabled"/>
      <property id="module.driver.ioport.elc_trigger_ioportc" value="_disabled"/>
      <property id="module.driver.ioport.elc_trigger_ioportd" value="_disabled"/>
      <property id="module.driver.ioport.elc_trigger_ioporte" value="_disabled"/>
      <property id="module.driver.ioport.pincfg" value="g_bsp_pin_cfg"/>
    </module>
    <module id="module.driver.ether_on_ether.761409729">
      <property id="module.driver.ether.name" value="g_ether0"/>
      <property id="module.driver.ether.channel" value="module.driver.ether.channel.0"/>
      <property id="module.driver.ether.mac_address" value="00:11:22:33:44:66"/>
      <property id="module.driver.ether.zerocopy" value="module.driver.ether.zerocopy.0"/>
      <property id="module.driver.ether.flow_control" value="module.driver.ether.flow_control.0"/>
      <property id="module.driver.ether.multicast" value="module.driver.ether.multicast.1"/>
      <property id="module.driver.ether.promiscuous" value="module.driver.ether.promiscuous.0"/>
      <property id="module.driver.ether.broadcast_filter" value="0"/>
      <property id="module.driver.ether.num_tx_descriptors" value="1"/>
      <property id="module.driver.ether.num_rx_descriptors" value="1"/>
      <property id="module.driver.ether.allocate_rx_buffer" value="module.driver.ether.allocate_rx_buffer.1"/>
      <property id="module.driver.ether.ether_buffer_size" value="1514"/>
      <property id="module.driver.ether.padding" value="module.driver.ether.padding.0"/>
      <property id="module.driver.ether.padding_offset" value="0"/>
      <property id="module.driver.ether.interrupt_priority" value="board.icu.common.irq.priority12"/>
      <property id="module.driver.ether.p_callback" value="R_Eth_Callback"/>
    </module>
    <module id="module.driver.ether_phy_on_ether_phy.429633160">
      <property id="module.driver.ether_phy.name" value="g_ether_phy0"/>
      <property id="module.driver.ether_phy.channel" value="module.driver.ether_phy.channel.0"/>
      <property id="module.driver.ether_phy.phy_lsi_address" value="0"/>
      <property id="module.driver.ether_phy.phy_reset_wait_time" value="0x00020000"/>
      <property id="module.driver.ether_phy.mii_type" value="module.driver.mii_type.rmii"/>
      <property id="module.driver.ether_phy.mii_bit_access_wait_time" value="8"/>
      <property id="module.driver.ether_phy.flow_control" value="module.driver.ether_phy.flow_control.0"/>
    </module>
    <module id="module.driver.external_irq_on_icu.1545369874">
      <property id="module.driver.external_irq.name" value="g_external_irq11"/>
      <property id="module.driver.external_irq.channel" value="11"/>
      <property id="module.driver.external_irq.trigger" value="module.driver.external_irq.trigger.trig_falling"/>
      <property id="module.driver.external_irq.filter_enable" value="module.driver.external_irq.filter_enable.false"/>
      <property id="module.driver.external_irq.pclk_div" value="module.driver.external_irq.pclk_div.pclk_div_by_64"/>
      <property id="module.driver.external_irq.p_callback" value="R_IRQ_Callback"/>
      <property id="module.driver.external_irq.ipl" value="board.icu.common.irq.priority12"/>
    </module>
    <module id="module.driver.external_irq_on_icu.147267862">
      <property id="module.driver.external_irq.name" value="g_external_irq12"/>
      <property id="module.driver.external_irq.channel" value="12"/>
      <property id="module.driver.external_irq.trigger" value="module.driver.external_irq.trigger.trig_falling"/>
      <property id="module.driver.external_irq.filter_enable" value="module.driver.external_irq.filter_enable.false"/>
      <property id="module.driver.external_irq.pclk_div" value="module.driver.external_irq.pclk_div.pclk_div_by_64"/>
      <property id="module.driver.external_irq.p_callback" value="R_IRQ_Callback"/>
      <property id="module.driver.external_irq.ipl" value="board.icu.common.irq.priority12"/>
    </module>
    <module id="module.driver.timer_on_agt.1779420633">
      <property id="module.driver.timer.name" value="g_timer0"/>
      <property id="module.driver.timer.channel" value="0"/>
      <property id="module.driver.timer.mode" value="module.driver.timer.mode.mode_periodic"/>
      <property id="module.driver.timer.period" value="10"/>
      <property id="module.driver.timer.unit" value="module.driver.timer.unit.unit_period_usec"/>
      <property id="module.driver.timer.duty_cycle" value="50"/>
      <property id="module.driver.timer.count_source" value="module.driver.timer.count_source.clock_pclkb"/>
      <property id="module.driver.timer.agtoa_output_enable" value="module.driver.timer.agtoa_output_enable.false"/>
      <property id="module.driver.timer.agtob_output_enable" value="module.driver.timer.agtob_output_enable.false"/>
      <property id="module.driver.timer.agto_output_enable" value="module.driver.timer.agto_output_enable.false"/>
      <property id="module.driver.timer.measurement_mode" value="module.driver.timer.measurement_mode.measure_disabled"/>
      <property id="module.driver.timer.agtio_filter" value="module.driver.timer.agtio_filter.agtio_filter_none"/>
      <property id="module.driver.timer.enable_pin" value="module.driver.timer.enable_pin.enable_pin_not_used"/>
      <property id="module.driver.timer.trigger_edge" value="module.driver.timer.trigger_edge.trigger_edge_rising"/>
      <property id="module.driver.timer.p_callback" value="R_AGT0_Interrupt"/>
      <property id="module.driver.timer.ipl" value="board.icu.common.irq.priority13"/>
    </module>
    <module id="module.driver.timer_on_agt.1401174000">
      <property id="module.driver.timer.name" value="g_timer1"/>
      <property id="module.driver.timer.channel" value="1"/>
      <property id="module.driver.timer.mode" value="module.driver.timer.mode.mode_periodic"/>
      <property id="module.driver.timer.period" value="500"/>
      <property id="module.driver.timer.unit" value="module.driver.timer.unit.unit_period_msec"/>
      <property id="module.driver.timer.duty_cycle" value="50"/>
      <property id="module.driver.timer.count_source" value="module.driver.timer.count_source.clock_pclkb"/>
      <property id="module.driver.timer.agtoa_output_enable" value="module.driver.timer.agtoa_output_enable.false"/>
      <property id="module.driver.timer.agtob_output_enable" value="module.driver.timer.agtob_output_enable.false"/>
      <property id="module.driver.timer.agto_output_enable" value="module.driver.timer.agto_output_enable.false"/>
      <property id="module.driver.timer.measurement_mode" value="module.driver.timer.measurement_mode.measure_disabled"/>
      <property id="module.driver.timer.agtio_filter" value="module.driver.timer.agtio_filter.agtio_filter_none"/>
      <property id="module.driver.timer.enable_pin" value="module.driver.timer.enable_pin.enable_pin_not_used"/>
      <property id="module.driver.timer.trigger_edge" value="module.driver.timer.trigger_edge.trigger_edge_rising"/>
      <property id="module.driver.timer.p_callback" value="R_AGT1_Interrupt"/>
      <property id="module.driver.timer.ipl" value="board.icu.common.irq.priority14"/>
    </module>
    <module id="module.driver.external_irq_on_icu.883195060">
      <property id="module.driver.external_irq.name" value="g_external_irq_echo"/>
      <property id="module.driver.external_irq.channel" value="8"/>
      <property id="module.driver.external_irq.trigger" value="module.driver.external_irq.trigger.trig_both_edge"/>
      <property id="module.driver.external_irq.filter_enable" value="module.driver.external_irq.filter_enable.false"/>
      <property id="module.driver.external_irq.pclk_div" value="module.driver.external_irq.pclk_div.pclk_div_by_64"/>
      <property id="module.driver.external_irq.p_callback" value="R_ECHO_Interrupt"/>
      <property id="module.driver.external_irq.ipl" value="board.icu.common.irq.priority13"/>
    </module>
    <module id="module.driver.timer_on_gpt.1240871303">
      <property id="module.driver.timer.name" value="g_timer2"/>
      <property id="module.driver.timer.channel" value="0"/>
      <property id="module.driver.timer.mode" value="module.driver.timer.mode.mode_pwm"/>
      <property id="module.driver.timer.period" value="20"/>
      <property id="module.driver.timer.unit" value="module.driver.timer.unit.unit_period_msec"/>
      <property id="module.driver.timer.gtior.gtioa.initial_output_level" value="module.driver.timer.gtior.gtioa.initial_output_level.low"/>
      <property id="module.driver.timer.gtior.gtioa.cycle_end_output_level" value="module.driver.timer.gtior.gtioa.cycle_end_output_level.retain"/>
      <property id="module.driver.timer.gtior.gtioa.compare_match_output_level" value="module.driver.timer.gtior.gtioa.compare_match_output_level.retain"/>
      <property id="module.driver.timer.gtior.gtioa.count_stop_retain" value="module.driver.timer.gtior.gtioa.count_stop_retain.disabled"/>
      <property id="module.driver.timer.gtior.gtiob.initial_output_level" value="module.driver.timer.gtior.gtiob.initial_output_level.low"/>
      <property id="module.driver.timer.gtior.gtiob.cycle_end_output_level" value="module.driver.timer.gtior.gtiob.cycle_end_output_level.retain"/>
      <property id="module.driver.timer.gtior.gtiob.compare_match_output_level" value="module.driver.timer.gtior.gtiob.compare_match_output_level.retain"/>
      <property id="module.driver.timer.gtior.gtiob.count_stop_retain" value="module.driver.timer.gtior.gtiob.count_stop_retain.disabled"/>
      <property id="module.driver.timer.gtior.custom_waveform_enable" value="module.driver.timer.gtior.custom_waveform_enable.disabled"/>
      <property id="module.driver.timer.duty_cycle" value="50"/>
      <property id="module.driver.timer.gtioca_output_enabled" value="module.driver.timer.gtioca_output_enabled.false"/>
      <property id="module.driver.timer.gtioca_stop_level" value="module.driver.timer.gtioca_stop_level.pin_level_low"/>
      <property id="module.driver.timer.gtiocb_output_enabled" value="module.driver.timer.gtiocb_output_enabled.false"/>
      <property id="module.driver.timer.gtiocb_stop_level" value="module.driver.timer.gtiocb_stop_level.pin_level_low"/>
      <property id="module.driver.timer.count_up_source" value=""/>
      <property id="module.driver.timer.count_down_source" value=""/>
      <property id="module.driver.timer.start_source" value=""/>
      <property id="module.driver.timer.stop_source" value=""/>
      <property id="module.driver.timer.clear_source" value=""/>
      <property id="module.driver.timer.capture_a_source" value=""/>
      <property id="module.driver.timer.capture_b_source" value=""/>
      <property id="module.driver.timer.gtioca_filter" value="module.driver.timer.gtioc_filter.gtioc_filter_none"/>
      <property id="module.driver.timer.gtiocb_filter" value="module.driver.timer.gtioc_filter.gtioc_filter_none"/>
      <property id="module.driver.timer.p_callback" value="NULL"/>
      <property id="module.driver.timer.ipl" value="_disabled"/>
      <property id="module.driver.timer.capture_a_ipl" value="_disabled"/>
      <property id="module.driver.timer.capture_b_ipl" value="_disabled"/>
      <property id="module.driver.timer.trough_ipl" value="_disabled"/>
      <property id="module.driver.timer.extra" value="module.driver.timer.extra.disabled"/>
      <property id="module.driver.timer.poeg_link" value="module.driver.timer.poeg_link.poeg_link_poeg0"/>
      <property id="module.driver.timer.output_disable" value=""/>
      <property id="module.driver.timer.adc_trigger" value=""/>
      <property id="module.driver.timer.dead_time_count_up" value="0"/>
      <property id="module.driver.timer.dead_time_count_down" value="0"/>
      <property id="module.driver.timer.adc_a_compare_match" value="0"/>
      <property id="module.driver.timer.adc_b_compare_match" value="0"/>
      <property id="module.driver.timer.interrupt_skip.source" value="module.driver.timer.interrupt_skip.source.none"/>
      <property id="module.driver.timer.interrupt_skip.count" value="module.driver.timer.interrupt_skip.count.count_0"/>
      <property id="module.driver.timer.interrupt_skip.adc" value="module.driver.timer.interrupt_skip.adc.none"/>
      <property id="module.driver.timer.gtioca_disable_setting" value="module.driver.timer.gtioca_disable_setting.gtioc_disable_prohibited"/>
      <property id="module.driver.timer.gtiocb_disable_setting" value="module.driver.timer.gtiocb_disable_setting.gtioc_disable_prohibited"/>
    </module>
    <module id="module.driver.adc_on_adc.578051725">
      <property id="module.driver.adc.name" value="g_adc0"/>
      <property id="module.driver.adc.unit" value="0"/>
      <property id="module.driver.adc.resolution" value="module.driver.adc.resolution.resolution_12_bit"/>
      <property id="module.driver.adc.alignment" value="module.driver.adc.alignment.alignment_right"/>
      <property id="module.driver.adc.clearing" value="module.driver.adc.clearing.clear_after_read_on"/>
      <property id="module.driver.adc.mode" value="module.driver.adc.mode.mode_single_scan"/>
      <property id="module.driver.adc.mode.dt" value="module.driver.adc.mode.dt.disabled"/>
      <property id="module.driver.adc.scan_mask" value="module.driver.adc.scan_mask.channel_0,module.driver.adc.scan_mask.channel_2"/>
      <property id="module.driver.adc.scan_mask_group_b" value=""/>
      <property id="module.driver.adc.trigger" value="enum.driver.adc.trigger.trigger_software"/>
      <property id="module.driver.adc.trigger_group_b" value="_disabled"/>
      <property id="module.driver.adc.priority_group_a" value="module.driver.adc.priority_group_a.group_a_priority_off"/>
      <property id="module.driver.adc.add_average_count" value="module.driver.adc.add_average_count.add_off"/>
      <property id="module.driver.adc.adc_vref_control" value="module.driver.adc.adc_vref_control.vrefh"/>
      <property id="module.driver.adc.add_mask" value=""/>
      <property id="module.driver.adc.sample_hold_mask" value=""/>
      <property id="module.driver.adc.sample_hold_states" value="24"/>
      <property id="module.driver.adc.compare.window_mode" value="module.driver.adc.compare.window_mode.disabled"/>
      <property id="module.driver.adc.compare.event_mode" value="module.driver.adc.compare.event_mode.or"/>
      <property id="module.driver.adc.compare.window_a.enable" value="module.driver.adc.compare.window_a.enable.disabled"/>
      <property id="module.driver.adc.compare.window_a.channels" value=""/>
      <property id="module.driver.adc.compare.window_a.channel_mode" value=""/>
      <property id="module.driver.adc.compare.window_a.ref_lower" value="0"/>
      <property id="module.driver.adc.compare.window_a.ref_upper" value="0"/>
      <property id="module.driver.adc.compare.window_b.enable" value="module.driver.adc.compare.window_b.enable.disabled"/>
      <property id="module.driver.adc.compare.window_b.channel" value="module.driver.adc.compare.window_b.channel.channel_0"/>
      <property id="module.driver.adc.compare.window_b.mode" value="module.driver.adc.compare.window_b.mode"/>
      <property id="module.driver.adc.compare.window_b.ref_lower" value="0"/>
      <property id="module.driver.adc.compare.window_b.ref_upper" value="0"/>
      <property id="module.driver.adc.p_callback" value="NULL"/>
      <property id="module.driver.adc.scan_end_ipl" value="_disabled"/>
      <property id="module.driver.adc.scan_end_b_ipl" value="_disabled"/>
      <property id="module.driver.adc.window_a_ipl" value="_disabled"/>
      <property id="module.driver.adc.window_b_ipl" value="_disabled"/>
      <property id="module.driver.adc.adbuf" value="module.driver.adc.adbuf.disabled"/>
    </module>
    <module id="module.driver.external_irq_on_icu.488460366">
      <property id="module.driver.external_irq.name" value="g_external_irq13"/>
      <property id="module.driver.external_irq.channel" value="13"/>
      <property id="module.driver.external_irq.trigger" value="module.driver.external_irq.trigger.trig_falling"/>
      <property id="module.driver.external_irq.filter_enable" value="module.driver.external_irq.filter_enable.false"/>
      <property id="module.driver.external_irq.pclk_div" value="module.driver.external_irq.pclk_div.pclk_div_by_64"/>
      <property id="module.driver.external_irq.p_callback" value="NULL"/>
      <property id="module.driver.external_irq.ipl" value="board.icu.common.irq.priority12"/>
    </module>
    <module id="module.driver.external_irq_on_icu.1844502432">
      <property id="module.driver.external_irq.name" value="g_external_irq14"/>
      <property id="module.driver.external_irq.channel" value="14"/>
      <property id="module.driver.external_irq.trigger" value="module.driver.external_irq.trigger.trig_falling"/>
      <property id="module.driver.external_irq.filter_enable" value="module.driver.external_irq.filter_enable.false"/>
      <property id="module.driver.external_irq.pclk_div" value="module.driver.external_irq.pclk_div.pclk_div_by_64"/>
      <property id="module.driver.external_irq.p_callback" value="NULL"/>
      <property id="module.driver.external_irq.ipl" value="board.icu.common.irq.priority12"/>
    </module>
    <context id="_hal.0">
      <stack module="module.driver.ioport_on_ioport.0"/>
      <stack module="module.driver.ether_on_ether.761409729">
        <stack module="module.driver.ether_phy_on_ether_phy.429633160" requires="module.driver.ether.requires.ether_phy"/>
      </stack>
      <stack module="module.driver.external_irq_on_icu.1545369874"/>
      <stack module="module.driver.external_irq_on_icu.147267862"/>
      <stack module="module.driver.timer_on_agt.1779420633"/>
      <stack module="module.driver.timer_on_agt.1401174000"/>
      <stack module="module.driver.external_irq_on_icu.883195060"/>
      <stack module="module.driver.timer_on_gpt.1240871303"/>
      <stack module="module.driver.adc_on_adc.578051725"/>
      <stack module="module.driver.external_irq_on_icu.488460366"/>
      <stack module="module.driver.external_irq_on_icu.1844502432"/>
    </context>
    <config id="config.driver.ioport">
      <property id="config.driver.ioport.checking" value="config.driver.ioport.checking.system"/>
    </config>
    <config id="config.driver.adc">
      <property id="config.driver.adc.param_checking_enable" value="config.driver.adc.param_checking_enable.bsp"/>
    </config>
    <config id="config.driver.icu">
      <property id="config.driver.icu.param_checking_enable" value="config.driver.icu.param_checking_enable.bsp"/>
    </config>
    <config id="config.driver.agt">
      <property id="config.driver.agt.param_checking_enable" value="config.driver.agt.param_checking_enable.bsp"/>
      <property id="config.driver.agt.output_support_enable" value="config.driver.agt.output_support_enable.disabled"/>
      <property id="config.driver.agt.input_support_enable" value="config.driver.agt.input_support_enable.disabled"/>
    </config>
    <config id="config.driver.ether">
      <property id="config.driver.ether.param_checking_enable" value="config.driver.ether.param_checking_enable.bsp"/>
      <property id="config.driver.ether.link_present" value="config.driver.ether.link_present.0"/>
      <property id="config.driver.ether.use_linksta" value="config.driver.ether.use_linksta.0"/>
    </config>
    <config id="config.driver.ether_phy">
      <property id="config.driver.ether_phy.param_checking_enable" value="config.driver.ether_phy.param_checking_enable.bsp"/>
      <property id="config.driver.ether_phy.use_phy" value="config.driver.ether_phy.use_phy.default"/>
      <property id="config.driver.ether_phy.use_reference_clock" value="config.driver.ether_phy.use_reference_clock.default"/>
    </config>
    <config id="config.driver.gpt">
      <property id="config.driver.gpt.param_checking_enable" value="config.driver.gpt.param_checking_enable.bsp"/>
      <property id="config.driver.gpt.output_support_enable" value="config.driver.gpt.output_support_enable.disabled"/>
      <property id="config.driver.gpt.write_protect_enable" value="config.driver.gpt.write_protect_enable.disabled"/>
      <property id="config.driver.gpt.gpt_core_clock" value="module.driver.timer.gpt_core_clock.pclk"/>
    </config>
  </raModuleConfiguration>
  <raPinConfiguration>
    <pincfg active="true" name="R7FA6M3AH3CFC.pincfg" selected="true" symbol="g_bsp_pin_cfg">
      <configSetting altId="debug0.mode.jtag" configurationId="debug0.mode"/>
      <configSetting altId="debug0.tck.p300" configurationId="debug0.tck"/>
      <configSetting altId="debug0.tdi.p110" configurationId="debug0.tdi"/>
      <configSetting altId="debug0.tdo.p109" configurationId="debug0.tdo"/>
      <configSetting altId="debug0.tms.p108" configurationId="debug0.tms"/>
      <configSetting altId="etherc0.rmii.crs_dv.p705" configurationId="etherc0.rmii.crs_dv"/>
      <configSetting altId="etherc0.rmii.mdc.p401" configurationId="etherc0.rmii.mdc"/>
      <configSetting altId="etherc0.rmii.mdio.p402" configurationId="etherc0.rmii.mdio"/>
      <configSetting altId="etherc0.rmii.mode.rmii.free" configurationId="etherc0.rmii.mode"/>
      <configSetting altId="etherc0.rmii.pairing.free" configurationId="etherc0.rmii.pairing"/>
      <configSetting altId="etherc0.rmii.ref50ck.p701" configurationId="etherc0.rmii.ref50ck"/>
      <configSetting altId="etherc0.rmii.rx_er.p704" configurationId="etherc0.rmii.rx_er"/>
      <configSetting altId="etherc0.rmii.rxd0.p702" configurationId="etherc0.rmii.rxd0"/>
      <configSetting altId="etherc0.rmii.rxd1.p703" configurationId="etherc0.rmii.rxd1"/>
      <configSetting altId="etherc0.rmii.txd0.p700" configurationId="etherc0.rmii.txd0"/>
      <configSetting altId="etherc0.rmii.txd1.p406" configurationId="etherc0.rmii.txd1"/>
      <configSetting altId="etherc0.rmii.txd_en.p405" configurationId="etherc0.rmii.txd_en"/>
      <configSetting altId="gpt0.gtioca.p415" configurationId="gpt0.gtioca"/>
      <configSetting altId="gpt0.mode.gtiocaorgtiocb.free" configurationId="gpt0.mode"/>
      <configSetting altId="irq0.irq08.p707" configurationId="irq0.irq08"/>
      <configSetting altId="irq0.irq11.p006" configurationId="irq0.irq11"/>
      <configSetting altId="irq0.irq12.p008" configurationId="irq0.irq12"/>
      <configSetting altId="irq0.irq13.p009" configurationId="irq0.irq13"/>
      <configSetting altId="irq0.irq14.p010" configurationId="irq0.irq14"/>
      <configSetting altId="irq0.mode.enabled" configurationId="irq0.mode"/>
      <configSetting altId="p006.irq0.irq11" configurationId="p006"/>
      <configSetting altId="p006.gpio_irq.gpio_irq_enabled" configurationId="p006.gpio_irq"/>
      <configSetting altId="p006.gpio_mode.gpio_mode_irq" configurationId="p006.gpio_mode"/>
      <configSetting altId="p008.irq0.irq12" configurationId="p008"/>
      <configSetting altId="p008.gpio_irq.gpio_irq_enabled" configurationId="p008.gpio_irq"/>
      <configSetting altId="p008.gpio_mode.gpio_mode_irq" configurationId="p008.gpio_mode"/>
      <configSetting altId="p009.irq0.irq13" configurationId="p009"/>
      <configSetting altId="p009.gpio_irq.gpio_irq_enabled" configurationId="p009.gpio_irq"/>
      <configSetting altId="p009.gpio_mode.gpio_mode_irq" configurationId="p009.gpio_mode"/>
      <configSetting altId="p010.irq0.irq14" configurationId="p010"/>
      <configSetting altId="p010.gpio_irq.gpio_irq_enabled" configurationId="p010.gpio_irq"/>
      <configSetting altId="p010.gpio_mode.gpio_mode_irq" configurationId="p010.gpio_mode"/>
      <configSetting altId="p108.debug0.tms" configurationId="p108"/>
      <configSetting altId="p108.gpio_mode.gpio_mode_peripheral" configurationId="p108.gpio_mode"/>
      <configSetting altId="p109.debug0.tdo" configurationId="p109"/>
      <configSetting altId="p109.gpio_mode.gpio_mode_peripheral" configurationId="p109.gpio_mode"/>
      <configSetting altId="p110.debug0.tdi" configurationId="p110"/>
      <configSetting altId="p110.gpio_mode.gpio_mode_peripheral" configurationId="p110.gpio_mode"/>
      <configSetting altId="p300.debug0.tck" configurationId="p300"/>
      <configSetting altId="p300.gpio_mode.gpio_mode_peripheral" configurationId="p300.gpio_mode"/>
      <configSetting altId="p305.output.low" configurationId="p305"/>
      <configSetting altId="p305.gpio_mode.gpio_mode_out.low" configurationId="p305.gpio_mode"/>
      <configSetting altId="p306.output.low" configurationId="p306"/>
      <configSetting altId="p306.gpio_mode.gpio_mode_out.low" configurationId="p306.gpio_mode"/>
      <configSetting altId="p307.output.low" configurationId="p307"/>
      <configSetting altId="p307.gpio_mode.gpio_mode_out.low" configurationId="p307.gpio_mode"/>
      <configSetting altId="p308.output.low" configurationId="p308"/>
      <configSetting altId="p308.gpio_mode.gpio_mode_out.low" configurationId="p308.gpio_mode"/>
      <configSetting altId="p401.etherc0.rmii.mdc" configurationId="p401"/>
      <configSetting altId="p401.gpio_speed.gpio_speed_high" configurationId="p401.gpio_drivecapacity"/>
      <configSetting altId="p401.gpio_mode.gpio_mode_peripheral" configurationId="p401.gpio_mode"/>
      <configSetting altId="p402.etherc0.rmii.mdio" configurationId="p402"/>
      <configSetting altId="p402.gpio_speed.gpio_speed_high" configurationId="p402.gpio_drivecapacity"/>
      <configSetting altId="p402.gpio_mode.gpio_mode_peripheral" configurationId="p402.gpio_mode"/>
      <configSetting altId="p405.etherc0.rmii.txd_en" configurationId="p405"/>
      <configSetting altId="p405.gpio_speed.gpio_speed_high" configurationId="p405.gpio_drivecapacity"/>
      <configSetting altId="p405.gpio_mode.gpio_mode_peripheral" configurationId="p405.gpio_mode"/>
      <configSetting altId="p406.etherc0.rmii.txd1" configurationId="p406"/>
      <configSetting altId="p406.gpio_speed.gpio_speed_high" configurationId="p406.gpio_drivecapacity"/>
      <configSetting altId="p406.gpio_mode.gpio_mode_peripheral" configurationId="p406.gpio_mode"/>
      <configSetting altId="p415.gpt0.gtioca" configurationId="p415"/>
      <configSetting altId="p415.gpio_mode.gpio_mode_peripheral" configurationId="p415.gpio_mode"/>
      <configSetting altId="p604.output.high" configurationId="p604"/>
      <configSetting altId="p604.gpio_mode.gpio_mode_out.high" configurationId="p604.gpio_mode"/>
      <configSetting altId="p605.output.high" configurationId="p605"/>
      <configSetting altId="p605.gpio_mode.gpio_mode_out.high" configurationId="p605.gpio_mode"/>
      <configSetting altId="p606.output.high" configurationId="p606"/>
      <configSetting altId="p606.gpio_mode.gpio_mode_out.high" configurationId="p606.gpio_mode"/>
      <configSetting altId="p607.output.high" configurationId="p607"/>
      <configSetting altId="p607.gpio_mode.gpio_mode_out.high" configurationId="p607.gpio_mode"/>
      <configSetting altId="p611.output.high" configurationId="p611"/>
      <configSetting altId="p611.gpio_mode.gpio_mode_out.high" configurationId="p611.gpio_mode"/>
      <configSetting altId="p612.output.high" configurationId="p612"/>
      <configSetting altId="p612.gpio_mode.gpio_mode_out.high" configurationId="p612.gpio_mode"/>
      <configSetting altId="p613.output.high" configurationId="p613"/>
      <configSetting altId="p613.gpio_mode.gpio_mode_out.high" configurationId="p613.gpio_mode"/>
      <configSetting altId="p614.output.high" configurationId="p614"/>
      <configSetting altId="p614.gpio_mode.gpio_mode_out.high" configurationId="p614.gpio_mode"/>
      <configSetting altId="p700.etherc0.rmii.txd0" configurationId="p700"/>
      <configSetting altId="p700.gpio_speed.gpio_speed_high" configurationId="p700.gpio_drivecapacity"/>
      <configSetting altId="p700.gpio_mode.gpio_mode_peripheral" configurationId="p700.gpio_mode"/>
      <configSetting altId="p701.etherc0.rmii.ref50ck" configurationId="p701"/>
      <configSetting altId="p701.gpio_speed.gpio_speed_high" configurationId="p701.gpio_drivecapacity"/>
      <configSetting altId="p701.gpio_mode.gpio_mode_peripheral" configurationId="p701.gpio_mode"/>
      <configSetting altId="p702.etherc0.rmii.rxd0" configurationId="p702"/>
      <configSetting altId="p702.gpio_speed.gpio_speed_high" configurationId="p702.gpio_drivecapacity"/>
      <configSetting altId="p702.gpio_mode.gpio_mode_peripheral" configurationId="p702.gpio_mode"/>
      <configSetting altId="p703.etherc0.rmii.rxd1" configurationId="p703"/>
      <configSetting altId="p703.gpio_speed.gpio_speed_high" configurationId="p703.gpio_drivecapacity"/>
      <configSetting altId="p703.gpio_mode.gpio_mode_peripheral" configurationId="p703.gpio_mode"/>
      <configSetting altId="p704.etherc0.rmii.rx_er" configurationId="p704"/>
      <configSetting altId="p704.gpio_speed.gpio_speed_high" configurationId="p704.gpio_drivecapacity"/>
      <configSetting altId="p704.gpio_mode.gpio_mode_peripheral" configurationId="p704.gpio_mode"/>
      <configSetting altId="p705.etherc0.rmii.crs_dv" configurationId="p705"/>
      <configSetting altId="p705.gpio_speed.gpio_speed_high" configurationId="p705.gpio_drivecapacity"/>
      <configSetting altId="p705.gpio_mode.gpio_mode_peripheral" configurationId="p705.gpio_mode"/>
      <configSetting altId="p707.irq0.irq08" configurationId="p707"/>
      <configSetting altId="p707.gpio_irq.gpio_irq_enabled" configurationId="p707.gpio_irq"/>
      <configSetting altId="p707.gpio_mode.gpio_mode_irq" configurationId="p707.gpio_mode"/>
      <configSetting altId="p905.output.low" configurationId="p905"/>
      <configSetting altId="p905.gpio_mode.gpio_mode_out.low" configurationId="p905.gpio_mode"/>
      <configSetting altId="pa08.output.high" configurationId="pa08"/>
      <configSetting altId="pa08.gpio_mode.gpio_mode_out.high" configurationId="pa08.gpio_mode"/>
      <configSetting altId="pa09.output.high" configurationId="pa09"/>
      <configSetting altId="pa09.gpio_mode.gpio_mode_out.high" configurationId="pa09.gpio_mode"/>
    </pincfg>
  </raPinConfiguration>
</raConfiguration>
